año,trimestre,provincia,hasta_512kbps,512_kbps_1mbps,1mbps_6mbps,6mbps_10mbps,10mbps_20mbps,20mbps_30mbps,30mbps_x,otras_velocidades,total_x,accesos_100_hogares,banda_ancha_fija,dial_up,total_y
2022,3,Buenos Aires,29985,27709,290315,297915,267044,12419,3618689,65821,4721668,78.11,4715469,6199,4721668
2022,3,Capital Federal,517,5742,34371,67829,51946,28692,1253105,105477,1547679,122.28,1545534,2145,1547679
2022,3,Catamarca,71,384,3107,5389,5099,3737,50298,2208,70293,65.33,70292,1,70293
2022,3,Chaco,461,987,16782,18938,8049,15828,7939,3711,144146,43.86,144141,5,144146
2022,3,Chubut,109,1444,45707,3094,34682,15309,17563,20024,165778,84.38,164874,904,165778
2022,3,Córdoba,99,11312,153324,111615,70989,27112,650344,13873,1038668,88.31,1038600,68,1038668
2022,3,Corrientes,67,3865,23427,23948,7776,21706,5695,7107,144846,48.21,144842,4,144846
2022,3,Entre Ríos,107,5549,4721,46855,18263,32021,102195,16759,268959,63.67,268937,22,268959
2022,3,Formosa,97,307,23538,19545,6194,564,17704,589,68538,43.76,68537,1,68538
2022,3,Jujuy,58,1879,19135,15254,36083,519,45895,0,118823,58.91,118823,0,118823
2022,3,La Pampa,68,1887,6154,9653,11592,5609,22731,3012,116092,96.59,115921,171,116092
2022,3,La Rioja,18,689,2842,3375,24219,5331,5039,0,86864,80.66,8686,4,86864
2022,3,Mendoza,103,2953,44232,21977,48201,17243,150043,4771,289523,51.03,288746,777,289523
2022,3,Misiones,51,3749,36628,20758,12676,19615,8033,835,182157,51.82,182157,0,182157
2022,3,Neuquén,134,991,38485,1408,92,67,78713,14858,163161,80.37,162693,468,163161
2022,3,Río Negro,111,1221,32936,1786,27934,13629,42596,24271,160558,67.98,16001,548,160558
2022,3,Salta,114,149,32923,71199,5662,1001,85661,6491,204541,57.76,204536,5,204541
2022,3,San Juan,24,2027,30324,11247,22157,678,19221,11619,103399,50.8,103118,281,103399
2022,3,San Luis,60,307,6563,20813,12061,67438,13,14815,12207,81.74,121888,182,12207
2022,3,Santa Cruz,52,6841,12342,11313,11378,2333,4604,647,4951,43.19,49312,198,4951
2022,3,Santa Fe,468,11132,132709,198588,70897,57455,396352,20209,88781,78.55,8877,110,88781
2022,3,Santiago Del Estero,178,1384,28357,58982,16087,910,12342,792,119032,47.98,11903,2,119032
2022,3,Tierra Del Fuego,22,831,12002,14815,20102,1752,1021,3351,53896,99.51,53584,312,53896
2022,3,Tucumán,39,2047,32571,39018,25214,4348,1596,280,263117,61.14,263087,30,263117
2022,2,Buenos Aires,30639,28323,295238,307554,273954,129869,3535757,65849,4667183,77.58,4660984,6199,4667183
2022,2,Capital Federal,517,598,36036,72434,55372,31571,1229254,105607,1536771,121.31,1534626,2145,1536771
2022,2,Catamarca,71,413,3678,6155,7165,3393,43926,2207,67008,62.4,67007,1,67008
2022,2,Chaco,461,1047,17603,20109,8391,15974,76271,3708,143564,43.79,143559,5,143564
2022,2,Chubut,109,1444,45804,31217,3429,14526,15394,20021,162805,83.19,161901,904,162805
2022,2,Córdoba,99,11971,160486,120485,71923,28645,6194,13426,1026435,87.48,1026367,68,1026435
2022,2,Corrientes,67,3937,24253,24842,8001,21719,55071,7107,144997,48.35,144993,4,144997
2022,2,Entre Ríos,107,5656,48637,48557,18512,32355,98769,16759,269352,63.9,26933,22,269352
2022,2,Formosa,97,407,23834,19706,633,591,16326,590,67881,43.42,67881,0,67881
2022,2,Jujuy,58,1829,19458,1579,37786,549,37391,2453,115314,57.32,115314,0,115314
2022,2,La Pampa,68,1887,62546,9842,118,5247,17125,3012,111527,92.98,111356,171,111527
2022,2,La Rioja,18,728,3179,389,23814,5481,4892,0,8603,80.14,86026,4,8603
2022,2,Mendoza,103,2954,44961,22557,64138,19543,121366,394,279562,49.39,278785,777,279562
2022,2,Misiones,51,3808,37254,21712,12774,19757,75107,835,178813,51.0,178813,0,178813
2022,2,Neuquén,134,999,38826,15066,9205,2039,76982,18717,161968,80.02,1615,468,161968
2022,2,Río Negro,111,1227,33364,17938,27168,13714,41972,2427,159764,67.85,159216,548,159764
2022,2,Salta,114,153,33732,72661,6012,1156,81478,6494,203177,57.54,203172,5,203177
2022,2,San Juan,24,2027,30385,11276,24649,3728,16701,11617,100407,49.46,100126,281,100407
2022,2,San Luis,60,306,684,21217,11052,67438,13,14815,121741,81.76,121559,182,121741
2022,2,Santa Cruz,52,6841,12348,11369,11885,2454,3592,644,49185,43.15,48987,198,49185
2022,2,Santa Fe,468,11757,138534,204381,74133,58114,373888,17584,878859,77.9,878749,110,878859
2022,2,Santiago Del Estero,178,1401,29581,59931,14606,883,10672,792,118044,47.7,118042,2,118044
2022,2,Tierra Del Fuego,22,831,12052,14828,19968,1712,1006,3351,5377,99.86,53458,312,5377
2022,2,Tucumán,39,2195,34461,43513,23634,4863,145541,281,254527,59.31,254497,30,254527
2022,1,Buenos Aires,31591,30056,313382,321756,290127,161183,3381049,2628,4555424,76.08,4549131,6293,4555424
2022,1,Capital Federal,527,5575,39918,7739,61053,43289,1188072,1717,1417541,111.8,1415378,2163,1417541
2022,1,Catamarca,71,456,4386,7009,8773,3761,35715,2207,62378,58.21,62377,1,62378
2022,1,Chaco,461,1099,16888,21235,20898,13012,62946,758,144119,44.06,144114,5,144119
2022,1,Chubut,113,1677,61369,31856,3308,13871,14055,15607,171628,88.05,170701,927,171628
2022,1,Córdoba,100,12782,165922,126009,73967,34892,577027,13104,1003803,85.76,1003729,74,1003803
2022,1,Corrientes,67,4029,24563,25665,27077,10452,43631,7094,142578,47.64,142574,4,142578
2022,1,Entre Ríos,107,5745,50075,4962,42294,21578,81757,1675,267926,63.7,267904,22,267926
2022,1,Formosa,97,448,24113,6945,6613,716,15028,588,54548,34.96,54548,0,54548
2022,1,Jujuy,58,1761,22141,16321,37923,576,35287,2442,116509,58.06,116509,0,116509
2022,1,La Pampa,301,2223,62812,9869,12044,525,144,2833,109732,91.66,10956,172,109732
2022,1,La Rioja,18,778,3576,4692,23624,5645,4597,0,84303,78.77,84299,4,84303
2022,1,Mendoza,114,3355,5123,26407,74178,21566,95048,3287,275185,48.74,274399,786,275185
2022,1,Misiones,51,3873,35655,22261,26855,15854,5861,8349,171508,49.04,171508,0,171508
2022,1,Neuquén,137,1123,39856,15623,11163,2654,71238,7885,149679,74.17,149208,471,149679
2022,1,Río Negro,116,1383,35565,18859,26926,14144,37729,22652,157374,67.04,156821,553,157374
2022,1,Salta,114,1725,35576,68246,6313,2214,76838,6489,197515,56.11,19751,5,197515
2022,1,San Juan,26,2269,32356,11914,25144,2088,11916,2465,88178,43.55,87888,290,88178
2022,1,San Luis,61,643,8287,3837,9802,68612,13,28589,119844,80.72,119659,185,119844
2022,1,Santa Cruz,51,6898,1271,11502,12277,2628,2551,485,49102,43.34,48898,204,49102
2022,1,Santa Fe,468,12435,143796,208361,84787,58018,34417,18444,870479,77.3,870364,115,870479
2022,1,Santiago Del Estero,178,1401,3022,6117,13542,849,8309,792,116461,47.17,116459,2,116461
2022,1,Tierra Del Fuego,24,894,12849,1564,18034,1767,982,2421,52611,98.29,52298,313,52611
2022,1,Tucumán,39,2212,36028,46961,21014,5211,133846,273,245584,57.39,245554,30,245584
2021,4,Buenos Aires,37821,11026,35295,331292,297296,196021,3259793,22958,4509157,75.66,4502772,6385,4509157
2021,4,Capital Federal,563,1695,47133,81899,66135,66755,1147939,0,1412119,111.27,1409935,2184,1412119
2021,4,Catamarca,71,0,6038,7855,9804,3262,29827,2233,5909,55.25,59089,1,5909
2021,4,Chaco,461,112,18845,22678,21937,13692,58435,7585,143745,44.05,14374,5,143745
2021,4,Chubut,126,1294,63698,39568,31175,578,2904,15763,160308,82.57,159364,944,160308
2021,4,Córdoba,100,2479,184548,130892,76246,41198,5387,12607,98677,84.51,986693,77,98677
2021,4,Corrientes,67,645,2883,26368,22922,10087,39911,7082,135912,45.51,135908,4,135912
2021,4,Entre Ríos,107,3024,56043,49636,38295,24068,7729,16583,265046,63.16,265024,22,265046
2021,4,Formosa,84,0,22908,6983,6811,1135,13775,1967,53663,34.45,53663,0,53663
2021,4,Jujuy,58,175,22446,16793,38134,564,33421,2324,113915,56.92,113915,0,113915
2021,4,La Pampa,301,493,6484,9082,12259,4821,12184,3027,107007,89.57,106834,173,107007
2021,4,La Rioja,18,1,5018,5437,23559,5671,43424,0,83128,77.92,83124,4,83128
2021,4,Mendoza,156,1463,66428,30308,75214,18621,75031,366,267587,47.51,266783,804,267587
2021,4,Misiones,51,5,41916,23554,26721,15954,54596,8335,171132,49.06,171132,0,171132
2021,4,Neuquén,140,940,42313,13264,10515,331,69217,7767,147466,73.3,146989,477,147466
2021,4,Río Negro,156,1174,38373,19878,31255,413,36142,22645,153753,65.69,153189,564,153753
2021,4,Salta,114,20,40673,69324,6642,3535,72622,6475,199405,56.81,199399,6,199405
2021,4,San Juan,44,1442,28906,10955,23978,398,98,4435,79958,39.59,79667,291,79958
2021,4,San Luis,62,264,855,4276,9107,67363,9,29218,118849,80.3,118662,187,118849
2021,4,Santa Cruz,52,297,20305,11641,13054,177,876,491,48486,43.05,48276,210,48486
2021,4,Santa Fe,467,581,169706,206856,8569,62349,322015,18777,866441,77.09,866265,176,866441
2021,4,Santiago Del Estero,178,909,31915,61524,12205,800,7537,793,115861,47.05,115859,2,115861
2021,4,Tierra Del Fuego,26,385,13505,16534,16562,1748,1017,258,52357,98.4,52042,315,52357
2021,4,Tucumán,39,97,37321,48736,21023,5326,125857,240,238639,55.93,238609,30,238639
2021,3,Buenos Aires,37193,31149,1108940,248153,141383,192797,2482266,9728,4251609,71.68,4246425,5184,4251609
2021,3,Capital Federal,295,603,156978,67013,39785,73502,1075229,0,1413405,111.27,1411797,1608,1413405
2021,3,Catamarca,71,0,6755,8428,10517,1659,26618,2206,56254,52.71,56253,1,56254
2021,3,Chaco,301,112,22545,20986,23852,14412,49705,7958,139871,42.96,139868,3,139871
2021,3,Chubut,104,105,89168,26281,18538,532,1643,14907,156066,80.71,155266,800,156066
2021,3,Córdoba,99,2452,204989,141285,6505,47198,476459,9256,946788,81.28,946726,62,946788
2021,3,Corrientes,67,645,29629,28478,24792,9687,35468,5053,133819,44.9,133816,3,133819
2021,3,Entre Ríos,107,3024,61354,59776,39114,16284,67961,12755,260375,62.18,26036,15,260375
2021,3,Formosa,381,0,22778,7142,6978,1192,12707,1617,52795,33.96,52795,0,52795
2021,3,Jujuy,48,175,23884,16417,37755,561,29917,2401,111158,55.69,111158,0,111158
2021,3,La Pampa,298,313,65063,7395,8737,4023,10506,4152,100487,84.28,100371,116,100487
2021,3,La Rioja,18,1,5366,5979,23315,4868,42613,0,8216,77.26,82157,3,8216
2021,3,Mendoza,36,31,151871,1264,62628,7596,21087,50,255939,45.55,25532,619,255939
2021,3,Misiones,51,5,41932,25099,26079,14792,42291,8279,158528,45.57,158528,0,158528
2021,3,Neuquén,112,327,57441,8566,6234,3631,57919,5579,139809,69.71,139436,373,139809
2021,3,Río Negro,125,557,68991,373,1488,2282,34011,20009,144585,61.97,144084,501,144585
2021,3,Salta,101,20,41431,70104,6962,3878,6701,6327,195833,55.96,195831,2,195833
2021,3,San Juan,18,333,59873,752,1325,338,278,4641,79483,39.46,79227,256,79483
2021,3,San Luis,60,0,11552,2405,6491,67942,22,29392,117864,79.87,117716,148,117864
2021,3,Santa Cruz,50,0,30561,8365,6799,1788,678,735,48976,43.75,48779,197,48976
2021,3,Santa Fe,467,579,193207,20125,83941,5508,290793,16267,841584,75.02,841433,151,841584
2021,3,Santiago Del Estero,123,909,32752,61838,11274,801,6863,898,115458,47.0,115457,1,115458
2021,3,Tierra Del Fuego,17,0,23723,13397,9782,1433,976,895,50223,94.95,49934,289,50223
2021,3,Tucumán,32,97,39446,50293,21986,53,115154,164,232472,54.64,232447,25,232472
2021,2,Buenos Aires,37192,31178,1096049,244001,140322,236897,2337604,9108,4132351,70.0,4127167,5184,4132351
2021,2,Capital Federal,294,603,157558,73568,43859,86655,1037752,66,1400355,110.14,1398747,1608,1400355
2021,2,Catamarca,71,0,7219,9091,6828,4941,25388,2206,55744,52.34,55743,1,55744
2021,2,Chaco,301,112,23444,21574,24032,16069,47239,7958,140729,43.33,140726,3,140729
2021,2,Chubut,104,105,89639,22605,16604,3896,1112,5172,139237,72.29,138412,825,139237
2021,2,Córdoba,99,2452,201757,136516,6695,70824,442357,9925,93088,80.12,930818,62,93088
2021,2,Corrientes,67,645,29419,27037,24524,10059,32697,5053,129501,43.54,129498,3,129501
2021,2,Entre Ríos,107,3024,63518,55349,39468,18484,61605,16077,257632,61.66,257617,15,257632
2021,2,Formosa,381,0,22364,731,746,1341,11077,1618,51551,33.23,51551,0,51551
2021,2,Jujuy,48,175,24182,16577,37908,607,2995,2401,111848,56.18,111848,0,111848
2021,2,La Pampa,298,554,64146,7769,8128,3399,9311,4062,97667,82.08,97551,116,97667
2021,2,La Rioja,18,1,5312,5971,23298,4825,42158,19,81602,76.98,81599,3,81602
2021,2,Mendoza,36,31,137462,10886,56117,4403,20686,50,229671,40.97,229052,619,229671
2021,2,Misiones,51,5,41643,25907,25811,16172,38308,8279,156176,45.01,156176,0,156176
2021,2,Neuquén,112,327,57713,8631,5871,5943,54008,5645,13825,69.14,137877,373,13825
2021,2,Río Negro,125,557,69356,3663,15019,3867,31488,20009,144084,61.94,143583,501,144084
2021,2,Salta,101,20,42543,67012,7099,9654,58882,6328,191639,54.93,191637,2,191639
2021,2,San Juan,18,333,59989,784,1255,340,278,4641,78933,39.28,78677,256,78933
2021,2,San Luis,60,0,11752,2703,5418,65946,22,36917,122818,83.48,12267,148,122818
2021,2,Santa Cruz,50,0,30595,8463,6888,1575,676,735,48982,44.01,48785,197,48982
2021,2,Santa Fe,467,896,202018,204077,80452,75195,262124,15371,8406,75.07,840449,151,8406
2021,2,Santiago Del Estero,123,909,32034,62224,10359,811,6064,1566,11409,46.56,114089,1,11409
2021,2,Tierra Del Fuego,17,0,21335,6913,458,476,889,1483,35693,67.89,35404,289,35693
2021,2,Tucumán,32,97,40224,51648,23732,5022,109616,268,233051,54.93,233026,25,233051
2021,1,Buenos Aires,36939,31187,1108368,24052,163747,222061,2246313,10867,4060002,69.11,4054936,5066,4060002
2021,1,Capital Federal,135,244,159662,76753,56457,83255,1003041,126,1379673,108.42,1378283,139,1379673
2021,1,Catamarca,71,0,7423,8455,10115,712,22996,2196,51968,48.9,51967,1,51968
2021,1,Chaco,301,112,24357,22102,27556,14496,42462,8384,13977,43.14,139767,3,13977
2021,1,Chubut,106,109,86986,21401,15392,2844,1112,439,13234,68.99,131515,825,13234
2021,1,Córdoba,93,2386,211799,135092,74659,71984,402191,12677,910881,78.59,910826,55,910881
2021,1,Corrientes,67,527,31544,26223,26169,9001,27641,5453,126625,42.66,126622,3,126625
2021,1,Entre Ríos,105,2911,67255,5606,42432,15774,546,12826,251963,60.44,25195,13,251963
2021,1,Formosa,56,0,22409,7569,7916,1215,9579,1942,50686,32.73,50686,0,50686
2021,1,Jujuy,49,175,23735,17293,40649,568,25609,2378,110456,55.63,110456,0,110456
2021,1,La Pampa,298,554,682,7864,7611,2786,7368,2424,97105,81.78,96989,116,97105
2021,1,La Rioja,18,1,36749,5968,4604,215,5074,-1,52628,49.81,52625,3,52628
2021,1,Mendoza,28,40,134386,11216,52533,4061,16615,44,218923,39.15,218308,615,218923
2021,1,Misiones,51,524,40949,25503,27101,1405,32953,8256,149387,43.17,149387,0,149387
2021,1,Neuquén,116,327,56171,8443,5903,5677,5084,5758,133235,66.84,132862,373,133235
2021,1,Río Negro,125,466,70011,4187,13045,3642,29589,20103,141168,60.88,140667,501,141168
2021,1,Salta,109,20,40785,68149,9164,8139,54889,6319,187574,53.93,187572,2,187574
2021,1,San Juan,25,194,60439,858,11494,340,276,4641,78267,39.06,78011,256,78267
2021,1,San Luis,58,0,11889,2926,4429,62913,22,36917,119154,81.24,119006,148,119154
2021,1,Santa Cruz,50,0,30655,8334,6987,1337,647,-1945,46065,41.65,45868,197,46065
2021,1,Santa Fe,518,891,201632,204458,91846,65476,236924,24382,826127,73.92,82599,137,826127
2021,1,Santiago Del Estero,123,909,33884,58464,8549,700,4868,4144,111641,45.67,11164,1,111641
2021,1,Tierra Del Fuego,17,0,21379,1468,4317,486,919,11836,40422,77.35,40133,289,40422
2021,1,Tucumán,29,97,4281,53416,25255,4188,103437,268,231912,54.82,23189,22,231912
2020,4,Buenos Aires,36939,31197,1109865,242243,214171,213588,2176242,9016,4033261,68.98,4028195,5066,4033261
2020,4,Capital Federal,135,244,16021,78123,60208,80269,1000073,268,1379530,108.31,1378140,139,1379530
2020,4,Catamarca,71,0,8843,874,11436,591,20406,2309,52396,49.41,52395,1,52396
2020,4,Chaco,301,112,24782,22479,26802,15701,40949,7965,139091,43.03,139088,3,139091
2020,4,Chubut,106,109,88157,21824,12046,2818,1112,4402,130574,68.35,129749,825,130574
2020,4,Córdoba,119,2386,214963,135262,82221,70013,384169,13568,902701,78.08,902646,55,902701
2020,4,Corrientes,67,527,319,26321,25687,9383,26789,4985,125659,42.43,125656,3,125659
2020,4,Entre Ríos,105,2911,65659,53556,40755,166,53141,14654,247381,59.47,247368,13,247381
2020,4,Formosa,56,0,2354,7606,7181,1197,8946,168,50206,32.49,50206,0,50206
2020,4,Jujuy,49,182,23772,14379,4493,446,19282,2811,105851,53.46,105851,0,105851
2020,4,La Pampa,298,554,70184,8124,6562,2396,6257,252,96895,81.77,96779,116,96895
2020,4,La Rioja,18,1,36906,606,4633,181,4979,0,52778,50.11,52775,3,52778
2020,4,Mendoza,28,40,146312,11172,40396,3378,11557,257,215453,38.63,214838,615,215453
2020,4,Misiones,51,524,39988,26078,26445,1481,32264,7001,147161,42.64,147161,0,147161
2020,4,Neuquén,116,327,56434,8478,5791,5493,50776,572,133135,67.0,132762,373,133135
2020,4,Río Negro,125,466,70305,4153,13131,3512,29372,20146,14121,61.09,140709,501,14121
2020,4,Salta,109,514,41443,68829,15188,8291,46697,6319,18739,54.04,187388,2,18739
2020,4,San Juan,25,194,61316,740,5126,332,275,4588,72596,36.32,7234,256,72596
2020,4,San Luis,58,0,1402,349,2688,62239,22,36918,119435,81.68,119287,148,119435
2020,4,Santa Cruz,47,0,27173,4382,6634,1033,647,758,40674,37.0,40477,197,40674
2020,4,Santa Fe,518,891,206372,203793,94246,65145,226246,23602,820813,73.58,820676,137,820813
2020,4,Santiago Del Estero,123,909,34518,5759,4666,411,452,3932,106669,43.75,106668,1,106669
2020,4,Tierra Del Fuego,17,0,21881,6119,3497,488,922,669,39614,76.27,39325,289,39614
2020,4,Tucumán,29,97,44095,54334,32155,4105,93594,268,231089,54.78,231067,22,231089
2020,3,Buenos Aires,37542,31514,1113823,23471,219772,194248,2085815,19853,3937277,67.66,3932211,5066,3937277
2020,3,Capital Federal,264,312,162222,85083,68753,78028,977766,247,1372675,107.68,1371285,139,1372675
2020,3,Catamarca,63,0,8276,8768,11195,562,18886,2154,49904,47.16,49903,1,49904
2020,3,Chaco,308,112,24675,21639,27546,13751,38729,7194,133954,41.54,133951,3,133954
2020,3,Chubut,158,109,87559,22114,12217,2818,111,3942,130027,68.34,129202,825,130027
2020,3,Córdoba,168,3064,218599,124833,84236,63823,361021,11728,867472,75.22,867417,55,867472
2020,3,Corrientes,72,527,3519,23315,25308,8615,25344,502,123391,41.75,123388,3,123391
2020,3,Entre Ríos,130,2911,66648,51478,40797,14377,49395,15759,241495,58.19,241482,13,241495
2020,3,Formosa,391,151,23163,7432,7125,991,8219,1737,49209,31.91,49209,0,49209
2020,3,Jujuy,55,182,32131,10566,45198,293,15238,3065,106728,54.04,106728,0,106728
2020,3,La Pampa,293,810,66695,782,5577,2189,6322,4029,93735,79.26,93619,116,93735
2020,3,La Rioja,21,1,37105,5955,466,124,4748,2,52616,50.12,52613,3,52616
2020,3,Mendoza,58,40,141404,12123,42433,3448,8237,45,207788,37.35,207173,615,207788
2020,3,Misiones,71,524,39005,24215,25942,13663,30987,8779,143186,41.6,143186,0,143186
2020,3,Neuquén,218,327,60463,6561,5975,5449,49439,803,129235,65.24,128862,373,129235
2020,3,Río Negro,114,466,68986,3769,7096,3455,28488,19093,131467,57.05,130966,501,131467
2020,3,Salta,129,514,3278,64736,1599,7928,43773,14996,180846,52.32,180844,2,180846
2020,3,San Juan,48,194,65526,711,6529,41,128,415,77327,38.79,77071,256,77327
2020,3,San Luis,105,0,12199,3351,2666,61319,8,36917,116565,79.96,116417,148,116565
2020,3,Santa Cruz,66,0,26888,4015,673,629,120,833,39281,35.95,39084,197,39281
2020,3,Santa Fe,568,1241,213353,199381,92095,58797,210562,27001,802998,72.12,802861,137,802998
2020,3,Santiago Del Estero,133,909,33287,57418,4658,292,3994,4801,105492,43.38,105491,1,105492
2020,3,Tierra Del Fuego,11,0,22094,5414,3726,481,937,6992,39655,76.81,39366,289,39655
2020,3,Tucumán,52,97,45913,5461,33126,3246,84195,2637,223876,53.23,223854,22,223876
2020,2,Buenos Aires,37542,31606,1129236,241336,233132,188995,1894466,21233,3777546,65.22,3772480,5066,3777546
2020,2,Capital Federal,264,312,166474,94585,79858,8016,935481,687,1357821,106.41,1356431,139,1357821
2020,2,Catamarca,63,0,8801,869,10242,426,16578,3176,47976,45.43,47975,1,47976
2020,2,Chaco,308,928,2435,2114,29044,12082,33311,6969,128132,39.83,128129,3,128132
2020,2,Chubut,158,109,69578,22188,10537,1473,614,3999,108656,57.34,107831,825,108656
2020,2,Córdoba,168,4383,219025,125932,8953,63216,325243,8971,836468,72.71,836413,55,836468
2020,2,Corrientes,72,527,34242,22845,25844,7898,22418,502,118866,40.3,118863,3,118866
2020,2,Entre Ríos,130,3679,66758,5064,4209,12856,43391,14569,234113,56.54,2341,13,234113
2020,2,Formosa,391,151,23534,7109,6998,961,7475,1313,47932,31.14,47932,0,47932
2020,2,Jujuy,55,182,30548,10519,26829,209,9417,16557,94316,47.89,94316,0,94316
2020,2,La Pampa,293,810,71218,7531,38,1657,3377,1123,89809,76.1,89693,116,89809
2020,2,La Rioja,21,1,37375,5661,4686,73,4336,2,52155,49.84,52152,3,52155
2020,2,Mendoza,58,40,142253,12439,35274,3248,5422,245,201184,36.25,200569,615,201184
2020,2,Misiones,71,524,39867,23719,26445,12305,28763,8646,14034,40.89,14034,0,14034
2020,2,Neuquén,218,327,61171,6103,6625,5296,46432,0,126172,63.9,125799,373,126172
2020,2,Río Negro,114,466,70817,3335,7498,3246,26953,17057,129486,56.37,128985,501,129486
2020,2,Salta,129,514,41801,64463,16989,7741,39594,6531,177762,51.58,17776,2,177762
2020,2,San Juan,48,194,59113,917,4908,40,127,443,69777,35.09,69521,256,69777
2020,2,San Luis,105,0,11439,3585,1934,60889,8,35992,113952,78.41,113804,148,113952
2020,2,Santa Cruz,66,0,26938,4166,6541,546,119,493,38869,35.79,38672,197,38869
2020,2,Santa Fe,568,2061,213054,198772,96575,57236,189473,20193,777932,70.0,777795,137,777932
2020,2,Santiago Del Estero,133,1779,32557,57709,5178,247,3328,4516,105447,43.47,105446,1,105447
2020,2,Tierra Del Fuego,11,0,22325,5186,3034,391,796,7446,39189,76.37,389,289,39189
2020,2,Tucumán,52,97,49028,54537,34184,2246,74377,2635,217156,51.78,217134,22,217156
2020,1,Buenos Aires,38215,36802,1122034,236421,247977,20578,1802583,28935,3718747,64.33,3702985,5066,3708051
2020,1,Capital Federal,264,312,169651,102254,89665,85899,906009,0,1354054,105.98,1352104,139,1353494
2020,1,Catamarca,63,0,8838,7543,9558,408,10299,2151,3886,37.62,39634,1,39635
2020,1,Chaco,308,928,23291,19976,29851,10416,28539,6917,120226,37.48,120274,3,120277
2020,1,Chubut,158,109,69586,12957,7756,124,614,45,9692,51.27,95938,800,96738
2020,1,Córdoba,142,5128,217229,120188,95827,65733,296875,9802,810924,70.69,811044,55,811099
2020,1,Corrientes,72,527,33479,21382,26679,7351,19467,478,113737,38.73,113967,3,11397
2020,1,Entre Ríos,130,4081,7228,47132,41125,11988,39794,13762,230292,56.12,231833,13,231846
2020,1,Formosa,1127,342,23761,65,6564,964,6918,100,46276,30.23,46434,0,46434
2020,1,Jujuy,55,182,3312,9979,26693,166,7349,16545,94089,46.67,91665,0,91665
2020,1,La Pampa,293,811,7274,7199,3029,1342,2113,1618,89145,75.77,8911,116,89226
2020,1,La Rioja,21,1,37209,5158,464,22,1294,0,48345,46.35,48337,3,4834
2020,1,Mendoza,58,40,14041,12285,17489,286,3818,0,17696,33.14,182837,615,183452
2020,1,Misiones,71,524,36622,21271,26433,11581,26313,10885,1337,39.02,133552,0,133552
2020,1,Neuquén,218,327,60152,5257,7123,5399,43738,0,122214,61.85,121354,373,121727
2020,1,Río Negro,114,466,69154,293,7857,3199,25488,17719,126927,55.12,125699,501,1262
2020,1,Salta,129,514,38537,63714,17991,8625,34744,6441,170695,49.6,170379,2,170381
2020,1,San Juan,48,194,59787,1594,1292,40,127,4779,67861,32.39,63975,256,64231
2020,1,San Luis,105,0,11322,4164,525,58258,5,36075,110454,76.31,110404,148,110552
2020,1,Santa Cruz,67,11,27447,4993,5169,529,119,0,38335,35.97,38625,197,38822
2020,1,Santa Fe,696,2994,217553,196826,10456,48448,173823,17656,762556,69.52,770981,137,771118
2020,1,Santiago Del Estero,133,1779,33086,56884,3737,135,2799,4501,103054,42.47,102754,1,102755
2020,1,Tierra Del Fuego,11,1,22976,5024,1834,196,518,7046,37606,76.07,38505,289,38794
2020,1,Tucumán,52,97,49555,50383,31096,173,67536,0,200449,47.85,200045,22,200067
2019,4,Buenos Aires,33489,27537,1177446,262297,247106,45257,1465133,20676,3686254,64.25,3681120,5134,3686254
2019,4,Capital Federal,307,15,177098,110218,110852,20581,753805,0,1358105,106.25,1356695,141,1358105
2019,4,Catamarca,63,0,9945,7619,9305,804,7477,3098,38311,36.44,3831,1,38311
2019,4,Chaco,83,0,25899,18959,30902,13516,21556,6988,117903,36.84,1179,3,117903
2019,4,Chubut,158,4,69405,12945,7615,124,614,4121,96102,51.15,95292,810,96102
2019,4,Córdoba,142,0,232781,118232,10933,114111,221742,1035,806688,70.48,806633,55,806688
2019,4,Corrientes,72,0,35055,2062,27367,9981,15744,4995,113834,38.77,113831,3,113834
2019,4,Entre Ríos,47,0,88203,44511,42962,18976,30153,14178,23903,57.99,239017,13,23903
2019,4,Formosa,1127,191,24606,6319,6788,1766,5671,243,46711,30.47,46711,0,46711
2019,4,Jujuy,55,0,3292,9632,26764,102,5286,14122,88881,45.38,88881,0,88881
2019,4,La Pampa,293,313,76747,69,1951,1287,1342,1566,90399,76.92,9028,119,90399
2019,4,La Rioja,21,0,37846,5045,4763,22,1305,0,49002,47.14,48999,3,49002
2019,4,Mendoza,746,9,145139,12955,15237,2165,2628,6901,18578,33.65,185157,623,18578
2019,4,Misiones,71,0,39664,2084,27305,15626,20799,11508,135813,39.79,135813,0,135813
2019,4,Neuquén,218,1,5737,4439,7357,12059,35001,0,116445,59.36,116069,376,116445
2019,4,Río Negro,114,0,71847,2797,8558,6968,19837,17019,12714,55.71,126636,504,12714
2019,4,Salta,149,1,42159,67656,15369,1417,25821,712,172445,50.35,172443,2,172445
2019,4,San Juan,48,1,60626,1594,1292,40,127,1246,64974,32.85,64715,259,64974
2019,4,San Luis,105,0,11901,4164,525,55216,3,36287,108201,74.92,108053,148,108201
2019,4,Santa Cruz,67,0,32368,4346,2224,7,8,350,3937,36.71,3917,200,3937
2019,4,Santa Fe,698,0,230234,190664,113527,70998,135576,27472,769169,69.48,769019,150,769169
2019,4,Santiago Del Estero,133,908,34911,56309,3756,105,2449,5017,103588,42.92,103587,1,103588
2019,4,Tierra Del Fuego,11,0,23593,505,1848,139,1962,7789,40392,79.7,40101,291,40392
2019,4,Tucumán,55,0,54544,52017,28916,6405,56707,0,198644,47.65,198621,23,198644
2019,3,Buenos Aires,23892,44648,1432722,222812,260506,483572,1246209,42294,3971683,69.36,3950114,10119,3960233
2019,3,Capital Federal,104,368,269704,120924,138011,258591,655108,0,1442810,112.65,1437734,3477,1441211
2019,3,Catamarca,34,43,14449,9285,6333,72,15,2151,32382,30.88,32391,9,324
2019,3,Chaco,69,1216,32764,28198,13336,12987,1674,6917,112227,35.85,114438,13,114451
2019,3,Chubut,74,840,6268,13033,7171,124,614,45,90152,47.57,87481,1524,89005
2019,3,Córdoba,83,5824,240151,106651,118486,146247,157546,7353,782341,68.59,782946,107,783053
2019,3,Corrientes,10,597,42231,29628,10348,10388,12674,478,110656,38.49,112749,10,112759
2019,3,Entre Ríos,19,4446,99656,56161,17064,21216,22645,15107,236314,57.9,238057,45,238102
2019,3,Formosa,111,349,24943,6049,7117,2262,4443,100,46373,30.11,46066,0,46066
2019,3,Jujuy,27,885,31722,924,26835,56,3671,16545,88981,44.32,86575,1,86576
2019,3,La Pampa,237,3289,75849,5922,1611,1359,941,1618,90826,77.45,90559,269,90828
2019,3,La Rioja,9,10,38657,4786,4887,22,1307,0,49678,47.94,49659,18,49677
2019,3,Mendoza,21,1269,206821,2958,10093,1263,349,0,222774,40.74,223015,1322,224337
2019,3,Misiones,47,1928,4353,29375,11256,16107,1665,12206,131099,39.33,133883,0,133883
2019,3,Neuquén,45,2258,62909,4586,9597,16923,28458,122,124898,64.14,123435,1986,125421
2019,3,Río Negro,47,1234,87435,2348,9779,10176,15505,17719,144243,63.42,143391,904,144295
2019,3,Salta,49,900,4316,6223,14309,11418,12357,7515,151938,44.48,151834,1,151835
2019,3,San Juan,22,171,68315,2245,1267,41,128,4779,76968,37.06,72535,563,73098
2019,3,San Luis,57,100,18643,5113,467,62242,5,36075,122702,85.23,122409,291,1227
2019,3,Santa Cruz,28,84,31612,4472,1203,27,4,0,3743,35.63,37642,328,3797
2019,3,Santa Fe,640,8184,242454,193286,107068,84325,97082,19537,752576,68.87,760706,228,760934
2019,3,Santiago Del Estero,39,1832,35554,55172,3612,86,1836,34501,132632,55.3,13313,2,133132
2019,3,Tierra Del Fuego,6,14,32133,4692,1756,82,226,9648,48557,96.46,48043,544,48587
2019,3,Tucumán,16,110,71043,47693,24354,843,20385,0,164444,39.49,164099,32,164131
2019,2,Buenos Aires,199768,46852,1436259,217785,438663,502275,985767,43438,3870807,67.85,3845594,10104,3855698
2019,2,Capital Federal,74,1027,28137,124087,239691,296155,475991,0,1418395,110.55,1412177,3443,1415620
2019,2,Catamarca,34,43,16631,867,6049,34,10,2151,33622,32.13,33626,9,33635
2019,2,Chaco,69,1383,38488,26431,16789,15348,9904,1492,109904,34.14,108721,13,108734
2019,2,Chubut,66,3952,69032,10049,1495,74,165,45,89333,46.99,86038,1518,87556
2019,2,Córdoba,81,8165,248427,100512,157458,170159,76053,8938,769793,68.07,775023,105,775128
2019,2,Corrientes,10,3012,40424,27774,13114,11928,7119,608,109461,38.16,111539,10,111549
2019,2,Entre Ríos,18,5905,100687,52316,23196,24221,10664,17206,234213,57.48,23578,44,235824
2019,2,Formosa,111,349,26512,5399,8384,2639,2258,100,46751,30.42,46438,0,46438
2019,2,Jujuy,27,940,26233,8441,267,27,26,21765,86733,44.51,86706,1,86707
2019,2,La Pampa,236,3289,75406,5191,1366,1445,629,2661,90223,77.08,89937,268,90205
2019,2,La Rioja,9,11,39819,4297,4857,13,1298,0,50304,48.7,50283,18,50301
2019,2,Mendoza,20,2522,205165,2971,10092,1256,234,0,22226,40.75,222535,1322,223857
2019,2,Misiones,47,2226,45769,27385,15408,18882,8129,12206,130052,39.15,132878,0,132878
2019,2,Neuquén,302,3038,61776,4688,17318,2121,14132,422,122886,63.08,120954,1999,122953
2019,2,Río Negro,384,1354,86366,2201,10291,12407,6907,18519,138429,61.09,137632,915,138547
2019,2,Salta,49,974,59638,36923,16961,14059,6461,7585,14265,41.89,142567,1,142568
2019,2,San Juan,22,213,60913,2177,785,7,4,6119,7024,35.6,69461,564,70025
2019,2,San Luis,57,102,16575,4964,467,57236,5,37977,117383,81.79,117094,291,117385
2019,2,Santa Cruz,25,84,24861,3806,1202,28,4,0,3001,28.85,30225,325,3055
2019,2,Santa Fe,321,8427,300124,125176,129741,100131,49865,22323,736108,67.42,743258,226,743484
2019,2,Santiago Del Estero,39,1832,63268,21362,3741,108,1205,34501,126056,52.79,126752,2,126754
2019,2,Tierra Del Fuego,6,123,41824,4241,1573,96,32,0,47895,94.8,4691,544,47454
2019,2,Tucumán,16,157,78891,44296,24291,628,18394,0,166673,40.14,166299,32,166331
2019,1,Buenos Aires,162513,72296,1429964,202511,576428,576859,705769,6369,3732709,66.24,3736563,10104,3746667
2019,1,Capital Federal,74,7417,283787,131007,330122,365713,283463,0,1401583,109.2,1396157,3443,1399600
2019,1,Catamarca,34,1708,18761,6443,5606,29,7,2151,34739,32.19,33613,9,33622
2019,1,Chaco,69,3801,38719,25632,18965,12393,6368,1035,106982,32.64,103664,13,103677
2019,1,Chubut,66,3938,71077,6571,787,74,165,0,82678,43.0,7826,1518,79778
2019,1,Córdoba,81,20403,242769,96997,200681,127965,50716,6806,746418,65.52,74401,105,744115
2019,1,Corrientes,10,647,38402,26562,15498,9688,5029,0,101659,35.13,102477,10,102487
2019,1,Entre Ríos,18,9217,107013,50068,28957,18146,7619,12142,23318,56.79,232403,44,232447
2019,1,Formosa,111,3023,23085,5301,9027,2099,1654,0,45299,29.68,45211,0,45211
2019,1,Jujuy,27,2817,30727,7811,4021,30,1141,37162,83736,46.41,90146,1,90147
2019,1,La Pampa,236,8327,70538,4466,1061,1354,405,698,87085,76.35,88892,268,8916
2019,1,La Rioja,9,1169,40285,4088,5216,17,869,0,51653,50.18,51638,18,51656
2019,1,Mendoza,20,1786,205383,2837,5702,111,140,0,215979,37.66,204976,1322,206298
2019,1,Misiones,47,5946,45266,2589,19111,16552,5167,7654,125633,36.26,12272,0,12272
2019,1,Neuquén,1328,3055,5236,1781,21452,17135,11026,6105,114242,58.88,112321,2056,114377
2019,1,Río Negro,384,1583,84845,2037,13615,9567,5076,3719,120826,53.57,120173,915,121088
2019,1,Salta,49,4232,59244,36473,2291,10861,2242,1,136012,40.1,136019,1,13602
2019,1,San Juan,22,229,6238,266,520,3,2,560,63982,31.83,61881,564,62445
2019,1,San Luis,57,120,2138,53214,345,6,2,23577,98701,67.34,96044,291,96335
2019,1,Santa Cruz,25,128,2199,2731,702,26,4,0,25606,23.67,2458,325,24905
2019,1,Santa Fe,333,2935,296798,122959,153212,74575,36502,18591,73232,66.97,736851,227,737078
2019,1,Santiago Del Estero,39,3372,62895,20691,3959,85,494,0,91535,37.52,89851,2,89853
2019,1,Tierra Del Fuego,6,131,38851,3623,641,80,29,0,43361,93.38,45903,544,46447
2019,1,Tucumán,16,5188,8224,42877,2621,847,14839,0,172217,41.63,17197,32,172002
2018,4,Buenos Aires,134673,73761,1422463,194426,577679,949093,265386,19125,3636606,64.6,3626502,10104,3636606
2018,4,Capital Federal,74,7388,283281,143309,330496,437662,18681,0,1389020,108.27,1385577,3443,1389020
2018,4,Catamarca,34,1669,17955,6425,5461,29,7,2003,33583,32.23,33574,9,33583
2018,4,Chaco,69,3405,36437,25633,18965,12393,6368,0,10327,32.59,103257,13,10327
2018,4,Chubut,66,3917,66061,6215,531,623,165,1144,78722,42.61,77204,1518,78722
2018,4,Córdoba,81,24102,228475,97277,201639,128053,48809,8903,737339,65.09,737234,105,737339
2018,4,Corrientes,10,6438,37376,26562,15498,9688,5029,0,100601,34.57,100591,10,100601
2018,4,Entre Ríos,18,8769,9478,50027,29002,18146,7612,13693,222047,54.37,222003,44,222047
2018,4,Formosa,111,3074,22962,5285,9027,2092,1654,0,45204,29.74,45204,0,45204
2018,4,Jujuy,27,2803,30727,7811,4021,30,1141,43573,90133,46.53,90132,1,90133
2018,4,La Pampa,241,7727,70508,3661,978,1328,270,923,85636,73.49,85368,268,85636
2018,4,La Rioja,9,1164,40285,4088,5216,17,869,3,51651,50.35,51633,18,51651
2018,4,Mendoza,20,1463,19745,2494,4726,19,132,0,206304,37.76,204982,1322,206304
2018,4,Misiones,47,5981,43267,26019,19226,16566,5167,0,116273,34.45,116273,0,116273
2018,4,Neuquén,1328,3044,52313,1781,21452,17135,11025,6287,114365,59.07,112309,2056,114365
2018,4,Río Negro,384,1225,83412,643,1344,9569,507,3094,116837,51.86,115922,915,116837
2018,4,Salta,49,3659,58492,36365,2291,10861,2242,0,134578,39.8,134577,1,134578
2018,4,San Juan,22,1465,59811,180,312,1,1,606,62398,31.9,61834,564,62398
2018,4,San Luis,57,109,19164,53183,119,62,2,23635,96331,67.55,9604,291,96331
2018,4,Santa Cruz,25,115,23107,779,206,1,4,531,24768,23.69,24443,325,24768
2018,4,Santa Fe,335,31397,276301,121009,152039,74432,36427,2845,72039,65.59,720161,229,72039
2018,4,Santiago Del Estero,39,325,61347,20127,3686,77,483,326,89335,37.4,89333,2,89335
2018,4,Tierra Del Fuego,6,27,29919,6323,9894,24,67,0,4626,93.59,45716,544,4626
2018,4,Tucumán,16,5244,82089,42766,26111,847,14839,92,172004,41.76,171972,32,172004
2018,3,Buenos Aires,991,80459,1445733,190805,63609,897964,237248,120464,3609754,64.44,3599714,10563,3610277
2018,3,Capital Federal,73,8493,287919,147253,370677,41502,165055,0,1394490,108.45,1385804,6686,1392490
2018,3,Catamarca,34,1994,18475,6358,532,34,7,2151,34373,32.92,34215,11,34226
2018,3,Chaco,70,3503,38729,24916,20335,11085,5667,1035,10534,32.28,102021,12,102033
2018,3,Chubut,67,3951,91096,6162,531,623,164,0,102594,56.39,10131,2426,103736
2018,3,Córdoba,81,24767,224471,96372,221984,109333,39854,649,723352,64.24,725764,94,725858
2018,3,Corrientes,11,6754,38364,24953,16601,8357,4419,0,99459,34.25,99445,11,99456
2018,3,Entre Ríos,18,9048,96095,45651,31353,15111,6786,0,204062,50.22,20456,48,204608
2018,3,Formosa,111,3365,22624,5259,9336,1729,1434,0,44857,29.58,44865,0,44865
2018,3,Jujuy,345,302,29048,7756,4066,39,623,0,44897,23.26,44934,1,44935
2018,3,La Pampa,242,8417,68507,3153,920,1189,216,698,83342,71.75,8318,244,83424
2018,3,La Rioja,9,1291,40647,4138,5425,20,339,0,51869,50.73,51855,17,51872
2018,3,Mendoza,20,1525,199297,2476,4727,27,129,0,208201,37.99,205545,1484,207029
2018,3,Misiones,48,5749,39617,24747,21212,14674,4547,0,110594,32.1,108042,0,108042
2018,3,Neuquén,1396,2244,55822,1647,23785,15218,9718,6105,115935,60.49,114713,2005,116718
2018,3,Río Negro,409,5221,75929,512,14912,847,4332,3719,113504,50.54,112433,1059,113492
2018,3,Salta,116,3721,61795,32782,25582,9224,502,0,133722,39.43,132882,1,132883
2018,3,San Juan,22,1326,62525,180,312,3,1,0,64369,33.05,63823,658,64481
2018,3,San Luis,57,109,1917,5294,119,63,2,1902,74362,52.35,74121,300,74421
2018,3,Santa Cruz,26,116,32815,778,206,1,3,0,33945,32.73,33565,434,33999
2018,3,Santa Fe,467,36786,269211,115907,162545,62479,31266,13911,692572,63.41,694883,217,6951
2018,3,Santiago Del Estero,41,255,6026,19116,3806,64,265,0,86102,36.25,86358,2,8636
2018,3,Tierra Del Fuego,6,187,41569,227,231,24,13,0,443,92.77,45056,508,45564
2018,3,Tucumán,16,5993,81559,43282,27062,941,12187,0,17104,41.68,171135,31,171166
2018,2,Buenos Aires,1009,81354,1459443,295457,816056,536049,199589,113357,3502314,62.78,3490134,10565,3500699
2018,2,Capital Federal,73,9234,290291,219166,445345,264805,142253,0,1371167,106.53,1362498,6688,1369186
2018,2,Catamarca,34,2414,14624,6112,4347,36,6,65,34073,32.86,34078,11,34089
2018,2,Chaco,70,2968,34167,24282,21887,9251,463,1035,9829,31.25,98509,12,98521
2018,2,Chubut,67,4471,85598,5369,4,5,9,501,100533,54.9,98137,2427,100564
2018,2,Córdoba,81,21779,21963,102596,244291,78852,3495,811,710289,63.27,712979,94,713073
2018,2,Corrientes,11,7047,38268,24066,17926,678,3862,0,9796,33.81,97946,11,97957
2018,2,Entre Ríos,18,8179,94459,4457,34281,12012,592,0,199439,49.2,199937,48,199985
2018,2,Formosa,111,3568,22409,5176,9727,1313,1243,0,44546,29.43,44554,0,44554
2018,2,Jujuy,345,332,29319,8083,3977,44,7,0,45095,23.43,45132,1,45133
2018,2,La Pampa,244,8797,68083,2409,965,969,179,698,82344,71.04,82177,244,82421
2018,2,La Rioja,9,1384,40679,4198,564,20,15,0,51945,50.98,51931,17,51948
2018,2,Mendoza,20,1658,164596,515,266,17,72,33788,200932,36.97,199468,1484,200952
2018,2,Misiones,48,6092,39489,23569,23747,11888,3866,0,108699,31.63,106147,0,106147
2018,2,Neuquén,1396,2408,56035,1314,26417,12442,8551,6105,114668,60.24,113842,2006,115848
2018,2,Río Negro,409,5298,75056,523,1648,6663,3725,3975,112129,50.15,111176,1059,112235
2018,2,Salta,116,399,61763,33285,28431,7239,182,0,135006,39.94,134166,1,134167
2018,2,San Juan,22,1378,57591,11,0,3,0,5068,64073,32.95,63443,658,64101
2018,2,San Luis,57,101,11992,11,0,7,2,9284,21454,15.15,21168,300,21468
2018,2,Santa Cruz,26,120,286,655,100,1,3,4267,33772,33.33,3397,435,34405
2018,2,Santa Fe,744,34267,262603,112143,17554,50525,26512,22257,684591,62.57,684243,309,684552
2018,2,Santiago Del Estero,41,2717,41362,18721,3278,31,31,17589,8377,35.26,83773,2,83775
2018,2,Tierra Del Fuego,6,188,40912,2217,75,0,0,107,43505,91.61,44199,508,44707
2018,2,Tucumán,16,6735,79899,44968,27059,1084,8784,1305,16985,41.51,169926,31,169957
2018,1,Buenos Aires,1514,74766,1445752,292732,886678,480237,184203,105818,3471700,62.63,3464882,10564,3475446
2018,1,Capital Federal,89,10039,292566,222737,487826,227953,127384,0,1368594,106.24,1359882,6688,1366570
2018,1,Catamarca,34,2896,1477,6145,3539,41,4,65,33929,32.79,33934,11,33945
2018,1,Chaco,70,3261,32516,24488,23296,8219,3897,1035,96782,30.83,96925,12,96937
2018,1,Chubut,67,4314,83161,5358,4,5,9,501,97928,53.72,95532,2427,97959
2018,1,Córdoba,281,23922,222815,1043,266259,57137,29228,10049,713991,63.52,713825,101,713926
2018,1,Corrientes,11,5005,37152,24038,19068,589,3256,0,9442,32.66,94406,11,94417
2018,1,Entre Ríos,18,8861,9008,45599,37401,9818,5071,0,196848,48.68,197346,48,197394
2018,1,Formosa,111,3803,10092,5117,10061,1091,1046,0,3232,21.4,32328,0,32328
2018,1,Jujuy,345,4807,27219,8044,3925,49,4,0,44393,23.12,44405,1,44406
2018,1,La Pampa,245,8119,67104,1616,1076,614,98,3503,82375,71.75,82668,396,83064
2018,1,La Rioja,9,1485,4068,4217,5831,19,1,0,52242,51.44,52228,17,52245
2018,1,Mendoza,20,1662,164599,501,266,19,72,33788,200927,37.07,199463,1484,200947
2018,1,Misiones,48,47,3582,23291,26223,10241,3219,0,103542,30.96,10358,0,10358
2018,1,Neuquén,1396,2367,59468,1311,29012,9709,7378,6105,116746,61.52,115897,2006,117903
2018,1,Río Negro,409,5333,74894,530,17997,4972,3129,3975,111239,49.82,110057,1062,111119
2018,1,Salta,116,4459,60334,33088,30771,5145,88,0,134001,39.78,133182,1,133183
2018,1,San Juan,22,1058,57078,11,0,3,0,5068,6324,32.61,6261,658,63268
2018,1,San Luis,57,101,1192,11,0,7,2,9284,21382,15.15,21096,300,21396
2018,1,Santa Cruz,26,120,286,655,100,1,3,4267,33772,33.55,3397,435,34405
2018,1,Santa Fe,1359,33639,262008,108576,1889,39589,22801,23181,680053,62.28,679717,309,680026
2018,1,Santiago Del Estero,41,291,41298,18914,3449,33,2,17589,84236,34.99,82916,2,82918
2018,1,Tierra Del Fuego,6,307,33987,2,0,0,0,107,34409,65.2,31106,508,31614
2018,1,Tucumán,16,7472,78811,45675,26405,1218,7082,1305,167984,41.18,168026,31,168057
2017,4,Buenos Aires,3865,55046,1551194,264645,712513,33514,151747,114182,3188332,57.61,3171206,1069,3181896
2017,4,Capital Federal,314,31411,517018,28404,45812,178396,114939,0,1584238,122.9,1575418,6906,1582324
2017,4,Catamarca,34,3182,15315,5904,2927,43,2,2151,29558,28.62,29548,10,29558
2017,4,Chaco,70,3432,37144,24088,20123,729,3289,1035,96471,30.81,96603,12,96615
2017,4,Chubut,67,4313,83676,5355,7,5,9,0,93432,51.46,91012,2428,9344
2017,4,Córdoba,291,25411,280837,102892,217602,40898,24251,8429,700611,63.33,709874,105,709979
2017,4,Corrientes,11,522,4108,23686,16046,5053,2675,0,93771,32.52,9376,11,93771
2017,4,Entre Ríos,1685,9078,95466,45189,3001,7958,4113,0,193499,47.89,193654,49,193703
2017,4,Formosa,111,4061,1322,4867,6996,977,824,0,32055,21.27,32056,0,32056
2017,4,Jujuy,345,5364,26566,7721,3507,44,3,0,4355,22.74,43551,1,43552
2017,4,La Pampa,310,8729,66053,1227,792,391,81,3503,81086,71.05,81675,396,82071
2017,4,La Rioja,9,1488,40777,4083,5813,22,3,0,52195,51.57,52177,17,52194
2017,4,Mendoza,26,1656,177646,438,278,29,81,0,180154,33.33,178661,149,180151
2017,4,Misiones,1053,39,41723,23131,22262,9091,2735,0,103895,31.14,103895,0,103895
2017,4,Neuquén,1396,2372,68036,1325,22781,7528,63,6105,115843,61.24,114965,2006,116971
2017,4,Río Negro,409,5598,81078,485,12502,3447,244,3719,109678,49.38,108702,1062,109764
2017,4,Salta,636,4275,73284,32842,18968,3559,84,0,133648,39.8,132811,1,132812
2017,4,San Juan,22,1062,57525,9,0,2,2,0,58622,30.3,57965,659,58624
2017,4,San Luis,59,101,12822,8,0,1,7,1902,149,10.59,14604,300,14904
2017,4,Santa Cruz,68,78,29073,655,100,1,3,0,29978,28.91,29018,434,29452
2017,4,Santa Fe,3109,34132,309998,108939,151329,30736,19602,14119,671964,61.71,672137,323,67246
2017,4,Santiago Del Estero,41,3091,43544,18773,3359,32,2,0,68842,29.13,68842,2,68844
2017,4,Tierra Del Fuego,6,310,31334,2,0,0,0,0,31652,59.89,28346,508,28854
2017,4,Tucumán,105,8164,7875,45241,24318,1303,4367,0,162248,39.9,162298,34,162332
2017,3,Buenos Aires,6577,51411,1733479,311652,676137,140812,1084,0,3028468,55.63,3046758,11202,3057960
2017,3,Capital Federal,283,33924,590689,311411,4263,120675,91917,0,1575199,121.86,1563289,707,1570359
2017,3,Catamarca,52,3204,15383,5758,2563,50,1,0,27011,32.49,33467,11,33478
2017,3,Chaco,95,3496,40059,23008,20307,3827,2004,0,92796,29.98,93747,12,93759
2017,3,Chubut,436,3989,71843,2336,3,0,0,0,78607,46.22,81067,2477,83544
2017,3,Córdoba,327,26154,309161,100113,189302,38131,16741,0,679929,62.31,696536,108,696644
2017,3,Corrientes,24,5629,44305,22785,15576,2635,1607,0,92561,32.17,92536,12,92548
2017,3,Entre Ríos,1691,7545,98032,42947,29011,3878,2397,0,185501,45.96,185414,50,185464
2017,3,Formosa,1063,3716,13752,5187,6056,899,459,0,31132,21.35,32105,0,32105
2017,3,Jujuy,337,5723,26835,7369,2962,41,2,0,43269,22.65,43241,1,43242
2017,3,La Pampa,343,8244,64794,855,588,327,51,0,75202,69.14,7928,410,7969
2017,3,La Rioja,16,1497,40882,3899,5604,23,3,0,51924,51.47,51896,17,51913
2017,3,Mendoza,32,95,158461,115,67,29,19,0,158818,35.7,190958,1533,192491
2017,3,Misiones,1058,4123,429,22808,23913,3843,1881,0,100526,30.21,100476,0,100476
2017,3,Neuquén,2036,1457,72532,1034,20213,7067,4937,0,109276,60.83,113755,2029,115784
2017,3,Río Negro,422,5641,839,306,10116,2965,1659,0,105009,48.52,106393,1103,107496
2017,3,Salta,645,4494,7883,32433,1462,2315,63,0,1334,39.84,132517,1,132518
2017,3,San Juan,31,1077,57582,1,0,2,2,0,58695,32.37,61789,660,62449
2017,3,San Luis,63,3,12325,7,0,1,7,0,12406,15.48,21408,311,21719
2017,3,Santa Cruz,188,23,29102,542,66,33,1,0,29955,33.29,33222,468,3369
2017,3,Santa Fe,3116,34019,320017,104453,125339,24536,12982,0,624462,60.91,662086,256,662342
2017,3,Santiago Del Estero,69,3288,40435,18489,3047,30,2,0,6536,35.12,82792,2,82794
2017,3,Tierra Del Fuego,9,297,33858,0,0,0,0,0,34164,65.74,30883,583,31466
2017,3,Tucumán,109,8948,8307,45302,20514,1361,655,0,159959,39.7,160979,33,161012
2017,2,Buenos Aires,7548,47472,1910156,299009,573298,93059,46178,0,2976720,56.27,3067430,11201,3078631
2017,2,Capital Federal,556,35663,726223,30497,378571,80234,37977,0,1564194,124.06,1592175,8016,1600191
2017,2,Catamarca,15,3318,15655,5325,2342,47,1,0,26703,25.98,26692,13,26705
2017,2,Chaco,191,3733,4259,22349,18044,3157,545,0,90609,29.05,90597,14,90611
2017,2,Chubut,403,4186,7376,188,0,0,0,0,80229,35.55,62245,173,63975
2017,2,Córdoba,251,26862,370865,88479,146683,20351,5069,0,65856,58.97,657505,133,657638
2017,2,Corrientes,15,5912,46483,21776,13043,2218,647,0,90094,31.39,90085,12,90097
2017,2,Entre Ríos,168,7944,104422,418,23524,2604,823,0,182797,45.39,182675,57,182732
2017,2,Formosa,1486,3419,14787,4795,4583,749,139,0,29958,19.97,29956,0,29956
2017,2,Jujuy,311,5877,26915,6974,2538,42,1,0,42658,22.4,42656,1,42657
2017,2,La Pampa,356,8633,59045,558,336,244,21,0,69193,63.49,72573,449,73022
2017,2,La Rioja,9,1554,9304,3599,1796,24,2,0,16288,16.2,16271,18,16289
2017,2,Mendoza,109,24,177203,92,50,5,22,0,177505,31.76,169302,1451,170753
2017,2,Misiones,1011,4447,47244,22033,21599,2892,570,0,99796,30.09,99794,0,99794
2017,2,Neuquén,1542,1395,81272,849,18051,4774,1703,0,109586,61.91,115321,2112,117433
2017,2,Río Negro,973,5606,88085,245,799,1921,559,0,105379,46.02,100621,998,101619
2017,2,Salta,594,4719,67576,23185,11333,1068,76,0,108551,32.74,10854,1,108541
2017,2,San Juan,15,193,58588,0,0,0,4,0,588,26.96,51261,620,51881
2017,2,San Luis,8,4,14014,0,0,1,2,0,14029,9.51,12992,315,13307
2017,2,Santa Cruz,188,24,30913,541,66,33,0,0,31765,26.25,26019,369,26388
2017,2,Santa Fe,4967,38721,31183,92854,97563,16794,4275,0,567004,52.27,566918,362,56728
2017,2,Santiago Del Estero,26,3539,20384,6432,2802,16,0,0,33199,14.12,33194,2,33196
2017,2,Tierra Del Fuego,16,285,35409,0,0,0,0,0,3571,68.46,31938,619,32557
2017,2,Tucumán,96,9236,83342,42536,17788,1371,21,0,15439,38.19,154374,37,154411
2017,1,Buenos Aires,6017,83918,2057698,402315,52354,90937,22299,0,3186724,58.57,3178174,11202,3189376
2017,1,Capital Federal,510,1409,678922,218487,277195,66536,19881,0,1262940,108.37,1391030,8016,1399046
2017,1,Catamarca,15,3328,15861,4901,2161,49,0,0,26315,25.66,26304,13,26317
2017,1,Chaco,191,3835,44544,21467,15671,3025,314,0,89047,28.62,89036,14,8905
2017,1,Chubut,401,4182,73759,1808,0,0,0,0,8015,35.66,62166,173,63896
2017,1,Córdoba,50,28732,391556,82011,118643,19035,2071,0,642098,57.65,641066,133,641199
2017,1,Corrientes,15,604,48149,20586,11468,2044,303,0,88605,30.94,88596,12,88608
2017,1,Entre Ríos,168,808,108379,39146,20562,2254,317,0,180418,44.91,180296,57,180353
2017,1,Formosa,1535,3538,15473,4446,4058,635,22,0,29707,19.84,29705,0,29705
2017,1,Jujuy,330,6213,27824,6486,2306,44,0,0,43203,22.76,43202,1,43203
2017,1,La Pampa,362,9279,57739,331,192,165,11,0,68079,62.67,71458,455,71913
2017,1,La Rioja,9,1578,9486,3409,1718,22,2,0,16224,16.2,16207,18,16225
2017,1,Mendoza,106,15,177201,86,50,5,22,0,177485,31.84,169282,1451,170733
2017,1,Misiones,101,4665,4595,23847,19356,2627,166,0,97621,29.52,97619,0,97619
2017,1,Neuquén,1547,1418,83813,902,1513,4223,458,0,107491,61.02,113227,2112,115339
2017,1,Río Negro,986,5647,89622,246,6738,1594,200,0,105033,46.03,100288,1,101288
2017,1,Salta,579,4861,70922,21554,9386,267,74,0,107643,32.58,107632,1,107633
2017,1,San Juan,8,192,58588,0,0,0,4,0,58792,27.04,51253,620,51873
2017,1,San Luis,8,4,14014,0,0,1,2,0,14029,9.55,12992,315,13307
2017,1,Santa Cruz,190,23,31078,474,68,30,0,0,31863,26.52,26116,370,26486
2017,1,Santa Fe,4966,39463,340418,77152,83008,15775,1831,0,562613,51.97,56252,362,562882
2017,1,Santiago Del Estero,26,3772,21659,6218,2786,17,0,0,34478,14.7,34473,2,34475
2017,1,Tierra Del Fuego,16,285,35409,0,0,0,0,0,3571,68.92,31938,619,32557
2017,1,Tucumán,96,9682,8647,39155,15951,1383,13,0,15275,37.9,152734,37,152771
2016,4,Buenos Aires,6055,86281,2085605,403575,467398,72348,17279,0,3138541,61.24,3131499,11202,3142701
2016,4,Capital Federal,517,1477,704324,225723,264582,53506,16756,0,1266885,120.63,1393443,8016,1401459
2016,4,Catamarca,15,3478,16519,4889,2077,54,0,0,27032,26.54,27021,13,27034
2016,4,Chaco,191,3983,45634,21323,14887,2586,250,0,88854,28.79,88833,14,88847
2016,4,Chubut,401,4493,73951,1352,0,0,0,0,80197,36.07,62035,173,63765
2016,4,Córdoba,50,2938,404645,77966,108368,15458,1606,0,637473,57.7,636422,133,636555
2016,4,Corrientes,15,6109,48995,20187,10908,1645,234,0,88093,30.98,88084,12,88096
2016,4,Entre Ríos,168,8253,110296,38491,19509,1801,280,0,18031,45.21,180188,57,180245
2016,4,Formosa,1573,3519,15791,4114,3855,649,17,0,29518,19.85,29513,0,29513
2016,4,Jujuy,303,6225,27778,6143,2134,43,0,0,42626,22.65,42624,1,42625
2016,4,La Pampa,368,9789,56694,16,335,132,11,0,67345,63.02,71368,460,71828
2016,4,La Rioja,9,1646,9635,3334,1675,13,3,0,16315,16.46,16298,18,16316
2016,4,Mendoza,114,16,177194,79,49,5,20,0,177477,32.11,169274,1451,170725
2016,4,Misiones,101,4783,47454,23433,18371,2215,126,0,97392,29.72,9739,0,9739
2016,4,Neuquén,1539,1406,84859,792,14153,3073,271,0,106093,60.87,111723,2112,113835
2016,4,Río Negro,998,2953,92967,248,6317,1174,122,0,104779,46.39,10002,1,10102
2016,4,Salta,577,5027,71636,20787,8611,239,70,0,106947,32.69,106934,1,106935
2016,4,San Juan,8,220,58608,0,0,0,4,0,5884,27.29,51301,620,51921
2016,4,San Luis,8,4,14014,0,0,1,2,0,14029,9.64,12992,315,13307
2016,4,Santa Cruz,189,23,31369,342,80,10,0,0,32013,27.05,26094,370,26464
2016,4,Santa Fe,4966,40102,349722,74401,77667,13155,1529,0,561542,52.19,56147,362,561832
2016,4,Santiago Del Estero,26,3925,22246,6178,2664,15,0,0,35054,15.07,35049,2,35051
2016,4,Tierra Del Fuego,16,285,35409,0,0,0,0,0,3571,70.31,31938,619,32557
2016,4,Tucumán,96,10021,87994,37721,14389,14,10,0,151631,37.98,151615,37,151652
2016,3,Buenos Aires,5856,107945,2148475,39353,399116,529,13318,0,3121140,60.14,3075387,11205,3086592
2016,3,Capital Federal,331,995,759028,208249,240856,38341,13886,0,1261686,120.77,1395053,8051,1403104
2016,3,Catamarca,15,4038,16183,4845,1853,50,0,0,26984,26.48,26957,13,2697
2016,3,Chaco,190,5227,46821,21193,13746,2022,217,0,89416,28.91,89216,14,8923
2016,3,Chubut,466,519,74375,674,0,0,0,0,80705,36.18,62222,173,63952
2016,3,Córdoba,48,41329,415075,75988,99225,11691,1322,0,644678,58.24,642458,133,642591
2016,3,Corrientes,15,7425,49471,19956,10006,1263,210,0,88346,31.07,88328,12,8834
2016,3,Entre Ríos,1768,10657,110844,38665,17737,1307,248,0,181226,45.44,181092,57,181149
2016,3,Formosa,1723,4277,15581,3964,3658,648,10,0,29861,18.64,27716,0,27716
2016,3,Jujuy,286,6878,27425,5943,1978,31,0,0,42541,22.61,42537,1,42538
2016,3,La Pampa,374,10187,55792,15,224,114,11,0,66717,61.73,69903,461,70364
2016,3,La Rioja,9,2349,9686,3316,1562,11,2,0,16935,17.07,16912,18,1693
2016,3,Mendoza,37,10,178186,73,48,5,17,0,178376,32.09,169174,145,170624
2016,3,Misiones,101,603,48871,23394,17043,1559,91,0,97998,29.91,97997,0,97997
2016,3,Neuquén,1531,1527,87404,680,12541,2118,225,0,106026,60.21,110491,2112,112603
2016,3,Río Negro,1007,6026,90689,207,5953,790,99,0,104771,46.39,100024,1002,101026
2016,3,Salta,1107,6922,71214,20229,8099,197,50,0,107818,32.96,10779,1,107791
2016,3,San Juan,8,245,58577,0,0,0,2,0,58832,27.32,51348,620,51968
2016,3,San Luis,7,4,14077,0,0,1,2,0,14091,9.63,12978,315,13293
2016,3,Santa Cruz,189,22,31904,221,52,9,0,0,32397,26.84,25886,371,26257
2016,3,Santa Fe,3958,49501,360606,72657,69864,1021,1308,0,568104,52.67,566625,386,567011
2016,3,Santiago Del Estero,26,5097,22747,6216,2497,9,0,0,36592,15.33,35658,2,3566
2016,3,Tierra Del Fuego,16,285,3508,0,0,0,0,0,35381,68.94,31306,619,31925
2016,3,Tucumán,127,12247,8797,36518,1315,1288,4,0,151304,37.9,151282,37,151319
2016,2,Buenos Aires,10786,133385,2250898,335296,334723,31494,11933,0,3108515,59.34,3032776,12515,3045291
2016,2,Capital Federal,4352,1736,859039,146091,21301,19597,13477,0,1257302,120.04,1384824,976,1394584
2016,2,Catamarca,15,5736,14742,4567,1496,47,1,0,26604,26.07,26543,13,26556
2016,2,Chaco,197,8063,45823,20346,1209,1571,201,0,88291,28.59,88235,16,88251
2016,2,Chubut,572,5421,73078,775,0,0,0,0,79846,36.12,62116,174,63856
2016,2,Córdoba,258,5705,437547,7198,82618,8355,1242,0,65905,57.55,63468,234,634914
2016,2,Corrientes,41,10018,47916,192,8851,803,191,0,8702,30.58,86932,24,86956
2016,2,Entre Ríos,4734,16368,115,36917,15522,849,205,0,189595,44.74,178194,179,178373
2016,2,Formosa,1675,5401,1437,3569,3218,593,10,0,28836,19.37,28801,1,28802
2016,2,Jujuy,2561,8292,25301,5589,175,3,0,0,43496,21.89,41187,2,41189
2016,2,La Pampa,429,10616,63928,15,119,96,11,0,75214,60.44,68403,485,68888
2016,2,La Rioja,10,3151,9043,319,1344,3,5,0,16746,16.88,16718,18,16736
2016,2,Mendoza,437,30,176922,61,44,5,20,0,177519,32.13,169274,155,170824
2016,2,Misiones,1973,7899,49586,21385,1482,1073,96,0,96832,29.24,95808,7,95815
2016,2,Neuquén,1916,1691,88854,583,10241,1285,208,0,104778,59.1,108224,2291,110515
2016,2,Río Negro,1189,6107,92158,194,4877,520,86,0,105131,46.24,99631,1073,100704
2016,2,Salta,216,10123,70875,18759,7129,140,49,0,109235,32.08,104929,3,104932
2016,2,San Juan,10,273,57589,0,0,0,4,0,57876,27.34,51392,621,52013
2016,2,San Luis,12,4,13931,0,0,1,2,0,1395,9.6,12939,317,13256
2016,2,Santa Cruz,244,26,31995,142,20,0,0,0,32427,26.73,25797,356,26153
2016,2,Santa Fe,9486,67325,37496,68505,60469,6509,1277,0,588531,52.44,563867,607,564474
2016,2,Santiago Del Estero,704,6705,22208,5943,2108,1,0,0,37669,15.89,36958,3,36961
2016,2,Tierra Del Fuego,16,286,38773,0,0,0,0,0,39075,67.72,3074,619,31359
2016,2,Tucumán,231,18515,83945,33891,1131,1032,2,0,148926,37.24,148636,41,148677
2016,1,Buenos Aires,7351,9788,2214760,289929,247372,8315,9529,0,2875136,57.34,2929903,12612,2942515
2016,1,Capital Federal,231,43686,869048,178665,192644,6577,10838,0,1303768,115.16,1328079,9817,1337896
2016,1,Catamarca,15,6102,14653,4241,1334,42,1,0,26388,25.91,26376,13,26389
2016,1,Chaco,194,8755,46304,19388,10587,1238,184,0,8665,28.08,86635,16,86651
2016,1,Chubut,94,5095,72396,1066,0,0,0,0,78651,36.09,6206,174,638
2016,1,Córdoba,148,59484,414452,65763,66455,4143,1039,0,611484,55.28,609692,234,609926
2016,1,Corrientes,29,1069,47833,18375,7911,526,170,0,85534,30.08,8551,26,85536
2016,1,Entre Ríos,2864,17749,104137,35104,14057,457,165,0,174533,43.85,174634,179,174813
2016,1,Formosa,1738,5731,14163,3229,2906,544,5,0,28316,19.04,28313,1,28314
2016,1,Jujuy,2543,8558,22383,5188,1623,0,0,0,40295,21.41,40287,2,40289
2016,1,La Pampa,426,11065,52117,15,78,71,11,0,63783,57.84,65442,487,65929
2016,1,La Rioja,10,3382,906,298,1254,2,3,0,16691,16.83,16673,18,16691
2016,1,Mendoza,235,21,175376,47,43,5,17,0,175744,32.12,169257,1553,17081
2016,1,Misiones,959,8502,50061,19195,13363,779,68,0,92927,28.37,92951,7,92958
2016,1,Neuquén,172,1737,8631,479,7893,143,171,0,98453,55.75,101969,2292,104261
2016,1,Río Negro,1171,6105,90038,203,4246,77,81,0,101921,45.84,98745,1077,99822
2016,1,Salta,1119,10765,65646,17748,6643,119,31,0,102071,31.32,102423,3,102426
2016,1,San Juan,9,309,56447,0,0,0,2,0,56767,27.33,51373,621,51994
2016,1,San Luis,8,4,13645,0,0,1,2,0,1366,9.59,12915,317,13232
2016,1,Santa Cruz,168,29,32188,8,0,0,0,0,32393,26.87,25931,356,26287
2016,1,Santa Fe,6492,71565,353525,64117,51293,3754,1063,0,551809,51.28,551378,618,551996
2016,1,Santiago Del Estero,703,7219,22805,5769,1898,0,0,0,38394,16.21,37695,3,37698
2016,1,Tierra Del Fuego,16,285,33003,0,0,0,0,0,33304,65.83,29867,619,30486
2016,1,Tucumán,106,20092,84008,3149,10046,871,0,0,146613,36.72,146596,41,146637
2015,4,Buenos Aires,7985,100303,2253197,27456,240188,3835,818,0,2888246,58.29,2946743,12642,2959385
2015,4,Capital Federal,2417,46568,916813,172029,198635,3087,10899,0,1350450,118.13,1360381,9845,1370226
2015,4,Catamarca,15,6513,14484,4106,1313,39,1,0,26471,26.24,26459,13,26472
2015,4,Chaco,194,9593,46771,18608,10092,1136,159,0,86553,28.35,86537,16,86553
2015,4,Chubut,625,5774,71881,168,0,0,0,0,78448,36.89,62279,174,64019
2015,4,Córdoba,148,63746,427471,62989,67151,3336,1088,0,625929,57.36,625835,235,62607
2015,4,Corrientes,29,11248,48104,17877,7569,456,150,0,85433,30.34,85409,26,85435
2015,4,Entre Ríos,2865,18883,104224,33989,13668,399,163,0,174191,44.11,173957,180,174137
2015,4,Formosa,1791,6081,14279,2704,2713,519,4,0,28091,19.07,28088,1,28089
2015,4,Jujuy,2551,8876,21867,5044,1587,0,0,0,39925,21.47,39922,2,39924
2015,4,La Pampa,592,12951,48798,16,63,49,10,0,62479,58.76,66054,312,66366
2015,4,La Rioja,10,3638,9127,2937,1215,2,3,0,16932,17.32,16914,18,16932
2015,4,Mendoza,241,23,174719,38,41,5,13,0,17508,32.49,169251,1556,170807
2015,4,Misiones,959,9169,51029,17281,1369,675,52,0,92855,28.69,92846,7,92853
2015,4,Neuquén,1727,2061,89678,455,7934,9,175,0,102039,58.29,105122,2294,107416
2015,4,Río Negro,3282,4473,89062,201,4024,5,75,0,101122,46.44,98655,1067,99722
2015,4,Salta,1122,11387,65677,17139,6507,99,5,0,101936,31.59,101917,3,10192
2015,4,San Juan,9,386,55761,0,0,0,2,0,56158,27.66,51408,621,52029
2015,4,San Luis,8,4,13473,0,0,1,2,0,13488,9.71,12901,317,13218
2015,4,Santa Cruz,188,26,32338,3,0,0,0,0,32555,27.74,26047,356,26403
2015,4,Santa Fe,6659,7577,361264,60985,51258,3079,1189,0,560204,52.61,561045,627,561672
2015,4,Santiago Del Estero,703,7836,23074,5669,1856,0,0,0,39138,17.0,39132,3,39135
2015,4,Tierra Del Fuego,16,285,32662,0,0,0,0,0,32963,66.46,29334,619,29953
2015,4,Tucumán,107,218,83887,29942,9507,837,0,0,14608,37.06,146053,42,146095
2015,3,Buenos Aires,8361,107351,2266948,262564,200491,2642,772,0,2856078,57.69,2916070,12695,2928765
2015,3,Capital Federal,2448,4934,942525,159618,175594,2028,10022,0,1341574,118.29,1362193,9875,1372068
2015,3,Catamarca,15,6871,14206,4143,812,43,1,0,26091,25.86,2608,13,26093
2015,3,Chaco,240,10353,47131,19016,7498,979,157,0,85374,27.96,85354,16,8537
2015,3,Chubut,641,5886,71668,167,0,0,0,0,78362,36.81,62143,174,63883
2015,3,Córdoba,150,68765,429787,61109,59372,2582,1048,0,622813,57.08,622761,237,622998
2015,3,Corrientes,33,11921,48127,18168,6111,453,146,0,84959,30.17,84931,28,84959
2015,3,Entre Ríos,2863,20385,10399,34788,9924,384,153,0,172487,43.68,172252,182,172434
2015,3,Formosa,1862,6521,14354,2791,1842,379,2,0,27751,18.84,27751,1,27752
2015,3,Jujuy,2549,9278,21588,5169,966,0,0,0,3955,21.27,39548,2,3955
2015,3,La Pampa,613,13087,4766,9,55,39,10,0,61473,57.96,64976,495,65471
2015,3,La Rioja,10,384,9102,2984,832,0,3,0,16771,17.15,16753,18,16771
2015,3,Mendoza,256,25,17343,45,18,5,13,0,173792,32.49,169261,1562,170823
2015,3,Misiones,958,9809,51234,17367,11654,559,43,0,91624,28.31,91615,7,91622
2015,3,Neuquén,1733,2124,85044,210,6599,2,155,0,95867,54.6,98376,224,100616
2015,3,Río Negro,3372,4457,88691,99,3826,1,62,0,100508,46.39,98529,1085,99614
2015,3,Salta,1126,12223,65405,17451,4318,61,5,0,100589,31.18,10057,3,100573
2015,3,San Juan,9,391,54963,0,0,0,2,0,55365,27.67,51409,621,5203
2015,3,San Luis,9,4,13286,0,0,1,2,0,13302,9.71,12902,317,13219
2015,3,Santa Cruz,190,25,32266,2,0,0,0,0,32483,27.61,25912,359,26271
2015,3,Santa Fe,6767,80817,363177,59531,42021,232,1133,0,555766,52.15,556097,641,556738
2015,3,Santiago Del Estero,703,8332,23158,5956,1249,0,0,0,39398,17.12,39394,3,39397
2015,3,Tierra Del Fuego,15,285,36408,2,0,0,0,0,3671,74.86,33118,619,33737
2015,3,Tucumán,107,23687,83654,29998,6232,623,0,0,144301,36.61,144272,42,144314
2015,2,Buenos Aires,8714,137189,2299705,243503,159922,201,6712,0,2857754,56.8,2871079,12711,2883790
2015,2,Capital Federal,2493,51799,990112,148569,142976,1482,9258,0,1346690,116.07,1336391,9893,1346284
2015,2,Catamarca,15,7253,14003,3776,593,37,1,0,25678,25.45,25666,13,25679
2015,2,Chaco,288,11058,47551,17675,6337,788,149,0,83846,27.46,83832,16,83848
2015,2,Chubut,656,6032,55791,168,0,0,0,0,62647,36.58,61745,174,63485
2015,2,Córdoba,156,72695,434717,54993,46415,1956,903,0,611835,55.87,60951,236,609746
2015,2,Corrientes,34,12542,48015,17184,5039,379,126,0,83319,29.58,83288,28,83316
2015,2,Entre Ríos,2864,21986,104043,32293,7867,354,136,0,169543,42.93,169309,183,169492
2015,2,Formosa,1881,6907,14247,2436,1324,257,1,0,27053,18.36,27013,37,2705
2015,2,Jujuy,2479,9474,20248,4792,730,0,0,0,37723,20.29,3772,2,37722
2015,2,La Pampa,5737,8182,46235,27,24,25,10,0,6024,56.71,63552,500,64052
2015,2,La Rioja,10,4082,9093,268,641,0,3,0,16509,16.88,16491,18,16509
2015,2,Mendoza,268,26,170451,42,16,5,13,0,170821,32.49,169259,1564,170823
2015,2,Misiones,958,1036,51671,15022,10072,408,33,0,88524,27.35,88512,7,88519
2015,2,Neuquén,1755,2348,82727,214,5168,2,110,0,92324,53.12,95644,2241,97885
2015,2,Río Negro,3413,4525,87362,97,324,1,51,0,98689,45.98,9764,1087,98727
2015,2,Salta,1123,1302,64737,16241,3114,29,5,0,98269,30.46,98264,3,98267
2015,2,San Juan,8,410,51568,0,0,0,2,0,51988,27.64,51367,621,51988
2015,2,San Luis,9,4,13204,0,0,1,2,0,1322,9.71,12904,317,13221
2015,2,Santa Cruz,210,25,25519,2,0,0,0,0,25756,27.07,25384,379,25763
2015,2,Santa Fe,6827,86016,364441,53205,33894,1856,1014,0,547253,51.18,545739,649,546388
2015,2,Santiago Del Estero,703,8779,23456,5553,888,0,0,0,39379,17.11,39375,3,39378
2015,2,Tierra Del Fuego,15,285,36073,2,0,0,0,0,36375,74.51,3296,619,33579
2015,2,Tucumán,107,25178,83462,26966,4502,455,0,0,14067,35.69,140635,42,140677
2015,1,Buenos Aires,8882,123589,2267852,22007,126958,1561,57,0,2754612,56.37,2847076,14766,2861842
2015,1,Capital Federal,2545,59084,1013510,134151,114569,1195,8401,0,1333455,114.9,1321139,11582,1332721
2015,1,Catamarca,13,7634,13754,3202,517,9,1,0,2513,25.11,25312,20,25332
2015,1,Chaco,26,12053,47425,15883,5346,489,135,0,81357,26.65,81329,31,8136
2015,1,Chubut,651,6176,57333,102,0,0,0,0,64262,37.61,63327,1946,65273
2015,1,Córdoba,157,78427,432802,46574,37443,1615,815,0,597833,54.7,596663,294,596957
2015,1,Corrientes,36,13295,47842,15554,4424,235,98,0,81484,28.95,81488,43,81531
2015,1,Entre Ríos,2867,23951,104168,28113,6926,274,119,0,166418,42.07,165839,231,16607
2015,1,Formosa,1891,7336,14413,2024,878,157,1,0,267,18.12,26657,43,267
2015,1,Jujuy,2458,9754,19858,3939,603,0,0,0,36612,19.69,36608,3,36611
2015,1,La Pampa,6059,8054,45038,26,10,13,10,0,5921,55.51,62155,542,62697
2015,1,La Rioja,11,4201,9379,2207,533,0,3,0,16334,16.7,1631,23,16333
2015,1,Mendoza,287,24,169763,38,16,6,11,0,170145,32.37,168355,1805,17016
2015,1,Misiones,958,11136,51906,12387,8543,194,26,0,8515,26.31,85139,7,85146
2015,1,Neuquén,1895,2577,80787,170,4067,2,76,0,89574,51.95,93373,2369,95742
2015,1,Río Negro,3371,4913,86173,94,2632,2,42,0,97227,45.33,96145,1188,97333
2015,1,Salta,1123,14151,64992,13955,2569,15,5,0,9681,30.01,96793,18,96811
2015,1,San Juan,8,445,51346,0,0,0,2,0,51801,27.55,51117,702,51819
2015,1,San Luis,10,8,1272,0,1,0,2,0,12741,9.72,12878,354,13232
2015,1,Santa Cruz,205,27,26048,2,0,0,0,0,26282,27.99,26217,424,26641
2015,1,Santa Fe,6883,93096,360964,4527,27597,1542,900,0,536252,50.24,53564,797,536437
2015,1,Santiago Del Estero,701,9236,23136,4796,748,0,0,0,38617,17.06,39244,8,39252
2015,1,Tierra Del Fuego,14,609,36319,2,0,0,0,0,36944,74.23,32726,730,33456
2015,1,Tucumán,107,27143,83895,23061,3722,334,0,0,138262,35.08,138184,92,138276
2014,4,Buenos Aires,8226,132937,2250445,20362,104322,997,5406,0,2705954,56.09,2801178,15229,2816407
2014,4,Capital Federal,2698,62896,1038269,123451,95772,890,7997,0,1331972,114.9,1318526,11994,1330520
2014,4,Catamarca,21,8047,14093,291,421,0,1,0,25493,25.51,25472,21,25493
2014,4,Chaco,483,12837,42106,7908,26,124,2,0,6606,21.87,65998,37,66035
2014,4,Chubut,1858,6218,60392,70,0,0,0,0,68538,40.25,66557,1985,68542
2014,4,Córdoba,1903,85362,427844,41947,30858,1177,782,0,589873,54.7,590113,319,590432
2014,4,Corrientes,40,1386,42182,7513,2106,0,9,0,6571,23.56,65656,54,6571
2014,4,Entre Ríos,2311,27801,88649,18318,3584,1,66,0,14073,36.03,140567,246,140813
2014,4,Formosa,1947,783,14058,1852,473,47,1,0,26208,17.96,26156,51,26207
2014,4,Jujuy,188,10427,1974,3443,465,0,0,0,35955,19.6,35999,3,36002
2014,4,La Pampa,6266,6879,3652,26,5,4,10,0,4971,51.27,56813,567,5738
2014,4,La Rioja,9,4333,9728,1943,386,0,3,0,16402,17.01,16379,23,16402
2014,4,Mendoza,303,19,169222,36,14,5,12,0,169611,32.64,167766,1848,169614
2014,4,Misiones,547,1184,53093,8731,2952,54,12,0,77229,24.16,77222,7,77229
2014,4,Neuquén,1731,2744,80938,126,3621,2,66,0,89228,52.55,92999,2397,95396
2014,4,Río Negro,364,4723,85094,94,2319,4,30,0,95904,45.48,9505,121,9626
2014,4,Salta,54,16214,63221,12552,1922,0,4,0,93967,29.53,93921,26,93947
2014,4,San Juan,11,478,51628,0,0,0,2,0,52119,28.04,5139,729,52119
2014,4,San Luis,9,0,13135,0,0,1,2,0,13147,9.79,12788,359,13147
2014,4,Santa Cruz,156,14,24145,1,1,0,0,0,25703,27.8,25277,436,25713
2014,4,Santa Fe,8707,99962,359293,36718,21098,869,824,0,527471,50.0,528459,938,529397
2014,4,Santiago Del Estero,1246,8913,24181,4359,602,0,0,0,39301,17.27,39308,9,39317
2014,4,Tierra Del Fuego,12,283,31489,2,0,0,0,0,31786,66.14,28249,741,2899
2014,4,Tucumán,17,28746,85091,20631,2733,196,0,0,137414,35.32,137329,95,137424
2014,3,Buenos Aires,7355,128187,2281524,156693,68947,243,4232,0,2647181,56.75,2835537,14028,2849565
2014,3,Capital Federal,840,78016,1060145,10217,70907,95,6626,0,1318799,113.8,1307195,1063,1317825
2014,3,Catamarca,19,8845,1379,1915,111,0,0,0,2468,24.71,24665,21,24686
2014,3,Chaco,398,14731,41934,5428,1274,5,0,0,6377,21.11,6371,36,63746
2014,3,Chubut,2013,6281,60771,34,0,0,0,0,69099,40.6,6713,2007,69137
2014,3,Córdoba,660,98992,435692,28992,18888,84,664,0,583972,54.23,585231,200,585431
2014,3,Corrientes,21,15448,41717,5181,1172,0,0,0,63539,22.79,63516,33,63549
2014,3,Entre Ríos,1709,2971,9145,12569,131,0,48,0,136796,34.98,136618,115,136733
2014,3,Formosa,2001,8323,14202,1324,85,0,0,0,25935,17.77,25873,64,25937
2014,3,Jujuy,127,10979,20216,2305,82,0,0,0,33709,18.37,33739,2,33741
2014,3,La Pampa,6458,6645,41009,24,5,4,10,0,54155,55.78,61861,564,62425
2014,3,La Rioja,10,4785,972,1337,61,0,0,0,15913,16.51,15893,23,15916
2014,3,Mendoza,35,0,167763,31,12,13,1,0,167855,32.31,166184,174,167924
2014,3,Misiones,640,13637,5351,5928,1606,0,1,0,75322,23.57,75327,0,75327
2014,3,Neuquén,1522,3099,8009,107,2865,10,27,0,8772,56.4,100099,2268,102367
2014,3,Río Negro,364,5189,86868,87,1944,8,9,0,97745,46.2,96629,1151,9778
2014,3,Salta,732,17481,66026,8314,388,0,0,0,92941,29.22,92929,25,92954
2014,3,San Juan,8,487,51276,0,0,0,0,0,51771,27.85,51031,748,51779
2014,3,San Luis,8,0,13029,0,0,3,0,0,1304,9.71,12683,363,13046
2014,3,Santa Cruz,195,1624,24248,1,1,0,0,0,26069,28.23,25664,446,2611
2014,3,Santa Fe,823,112593,357615,23962,12124,38,806,0,515368,49.2,520196,691,520887
2014,3,Santiago Del Estero,791,9914,23826,2867,142,0,0,0,3754,16.49,37539,9,37548
2014,3,Tierra Del Fuego,12,336,32348,2,0,0,0,0,32698,65.69,28037,755,28792
2014,3,Tucumán,6,32716,84668,14101,559,4,0,0,132054,33.94,131978,88,132066
2014,2,Buenos Aires,6902,162274,2288772,140226,56549,284,4309,0,2659316,55.06,2750430,14116,2764546
2014,2,Capital Federal,847,81431,1078213,87359,56004,59,6427,0,1310340,113.14,1299502,10713,1310215
2014,2,Catamarca,19,8844,13794,1915,111,0,0,0,24683,24.7,2466,23,24683
2014,2,Chaco,412,14854,4153,5418,1085,5,0,0,63304,20.96,63243,36,63279
2014,2,Chubut,2064,6582,61868,0,0,0,0,0,70514,41.41,68503,2016,70519
2014,2,Córdoba,2105,101598,429536,28698,14824,76,627,0,577464,53.45,576747,205,576952
2014,2,Corrientes,20,15563,41219,5199,956,0,0,0,62957,22.58,62925,33,62958
2014,2,Entre Ríos,2187,32781,86757,12564,1162,0,44,0,135495,34.69,135468,115,135583
2014,2,Formosa,2032,8218,13944,1321,85,0,0,0,256,17.54,25535,65,256
2014,2,Jujuy,1873,11233,18851,2305,82,0,0,0,34344,18.71,34359,2,34361
2014,2,La Pampa,7032,6761,34089,18,5,4,10,0,47919,49.71,55048,580,55628
2014,2,La Rioja,10,4785,9719,1337,61,0,0,0,15912,16.5,15889,23,15912
2014,2,Mendoza,35,6,16671,31,10,5,10,0,166807,32.1,165046,1761,166807
2014,2,Misiones,540,13644,53245,5924,1334,2,0,0,74689,23.37,74689,0,74689
2014,2,Neuquén,1531,3206,79087,92,2289,2,30,0,86237,50.84,90053,2235,92288
2014,2,Río Negro,3468,5507,84978,78,1569,2,8,0,9561,45.33,94812,1145,95957
2014,2,Salta,53,18818,6444,8293,388,0,0,0,91992,28.91,91949,25,91974
2014,2,San Juan,10,507,51129,0,0,0,0,0,51646,27.78,50891,755,51646
2014,2,San Luis,7,0,13045,0,0,1,2,0,13055,9.72,12691,364,13055
2014,2,Santa Cruz,153,1637,25374,2,0,0,0,0,27166,29.38,2671,459,27169
2014,2,Santa Fe,8515,115197,353559,23939,10058,34,792,0,512094,48.39,511753,605,512358
2014,2,Santiago Del Estero,1231,9914,23842,2867,142,0,0,0,37996,16.7,38002,9,38011
2014,2,Tierra Del Fuego,12,334,31198,2,0,0,0,0,31546,64.36,27443,766,28209
2014,2,Tucumán,6,32714,84675,14101,559,4,0,0,132059,33.94,131981,88,132069
2014,1,Buenos Aires,8469,171244,2279875,121787,38923,206,4037,0,2624542,54.57,2725732,14144,2739876
2014,1,Capital Federal,852,88826,1096050,70293,38798,55,6208,0,1301081,112.25,1289204,10714,1299918
2014,1,Catamarca,19,9147,1333,1672,64,0,0,0,24232,24.25,24209,23,24232
2014,1,Chaco,438,15849,40869,4644,741,5,0,0,62546,20.72,6252,36,62556
2014,1,Chubut,7452,10,61329,0,0,0,0,0,68791,41.24,68205,2016,70221
2014,1,Córdoba,2076,107705,423114,24112,9818,40,588,0,567453,52.52,566705,205,56691
2014,1,Corrientes,20,16357,40742,4486,630,0,0,0,62235,22.32,62203,33,62236
2014,1,Entre Ríos,2177,35206,85248,10828,746,0,43,0,134248,34.37,134216,115,134331
2014,1,Formosa,2062,8475,13685,1133,67,0,0,0,25422,17.42,25335,87,25422
2014,1,Jujuy,1832,11498,18415,2002,56,0,0,0,33803,18.42,33825,2,33827
2014,1,La Pampa,7434,6535,32501,17,5,4,10,0,46506,48.43,53601,592,54193
2014,1,La Rioja,10,5111,939,1165,35,0,0,0,15711,16.29,15688,23,15711
2014,1,Mendoza,35,6,166655,19,10,6,9,0,16674,31.91,164084,1761,165845
2014,1,Misiones,545,1446,52852,5139,958,0,0,0,73954,23.14,7395,0,7395
2014,1,Neuquén,4133,987,77148,84,1582,2,22,0,83958,49.79,88077,2303,9038
2014,1,Río Negro,467,4618,84304,73,1062,1,8,0,94736,44.91,93909,1157,95066
2014,1,Salta,53,19677,64061,7192,314,0,0,0,91297,28.7,91265,25,9129
2014,1,San Juan,531,2,51056,0,0,0,0,0,51589,27.6,50543,755,51298
2014,1,San Luis,7,3,12544,0,1,0,2,0,12557,9.35,12193,364,12557
2014,1,Santa Cruz,161,1625,24972,1,1,0,0,0,2676,28.94,26304,460,26764
2014,1,Santa Fe,8456,124468,345225,20328,6845,23,668,0,506013,47.85,506,612,506612
2014,1,Santiago Del Estero,1234,10531,22817,2422,109,0,0,0,37113,16.31,37124,9,37133
2014,1,Tierra Del Fuego,12,607,30902,6,0,0,0,0,31527,63.97,27272,766,28038
2014,1,Tucumán,6,34672,8321,11779,362,3,0,0,130032,33.42,129944,88,130032
